create database movies;
use movies;

-- CREATING THE actor table

CREATE TABLE actor (
    act_id int NOT NULL,
act_fname varchar(20),
act_lname varchar(20),
act_gender varchar(1)
);

ALTER TABLE actor ADD CONSTRAINT PK_actor PRIMARY KEY (act_id);

INSERT INTO actor (act_id, act_fname, act_lname, act_gender) VALUES
(101, 'James', 'Stewart', 'M'),
(102, 'Deborah', 'Kerr', 'F'),
(103, 'Peter', 'OToole', 'M'),
(104, 'Robert', 'De Niro', 'M'),
(105, 'F. Murray', 'Abraham', 'M'),
(106, 'Harrison', 'Ford', 'M'),
(107, 'Nicole', 'Kidman', 'F'),
(108, 'Stephen', 'Baldwin', 'M'),
(109, 'Jack', 'Nicholson', 'M'),
(110, 'Mark', 'Wahlberg', 'M'),
(111, 'Woody', 'Allen', 'M'),
(112, 'Claire', 'Danes', 'F'),
(113, 'Tim', 'Robbins', 'M'),
(114, 'Kevin', 'Spacey', 'M'),
(115, 'Kate', 'Winslet', 'F'),
(116, 'Robin', 'Williams', 'M'),
(117, 'Jon', 'Voight', 'M'),
(118, 'Ewan', 'McGregor', 'M'),
(119, 'Christian', 'Bale', 'M'),
(120, 'Maggie', 'Gyllenhaal', 'F'),
(121, 'Dev', 'Patel', 'M'),
(122, 'Sigourney', 'Weaver', 'F');


-- CREATING THE genres table
CREATE TABLE genres (
    gen_id int NOT NULL,
gen_title varchar(20)
);

ALTER TABLE genres ADD CONSTRAINT PK_genres PRIMARY KEY (gen_id);

insert into genres values (1001,'Action'),
(1002,'Adventure'),
(1003,'Animation'),
(1004,'Biography'),
(1005,'Comedy'),
(1006,'Crime'),
(1007,'Drama'),
(1008,'Horror'),
(1009,'Music'),
(1010,'Mystery'),
(1011,'Romance'),
(1012,'Thriller'),
(1013,'War');

-- CREATING THE director table

CREATE TABLE director (
    dir_id INT not null,
dir_fname VARCHAR(20),
dir_lname VARCHAR(20)
);

ALTER TABLE director ADD CONSTRAINT PK_director PRIMARY KEY (dir_id);

insert into director values
(201,'Alfred','Hitchcock'),
(202,'Jack','Clayton'),
(203,'David','Lean'),
(204,'Michael','Cimino'),
(205,'Milos','Forman'),
(206,'Ridley','Scott'),
(207,'Stanley','Kubrick'),
(208,'Bryan','Singer'),
(209,'Roman','Polanski'),
(210,'Paul','Thomas Anderson'),
(211,'Woody','Allen'),
(212,'Hayao','Miyazaki'),
(213,'Frank','Darabont'),
(214,'Sam','Mendes'),
(215,'James','Cameron'),
(216,'Gus','Van Sant'),
(217,'John','Boorman'),
(218,'Danny','Boyle'),
(219,'Christopher','Nolan'),
(220,'Richard','Kelly'),
(221,'Kevin','Spacey'),
(222,'Andrei','Tarkovsky'),
(223,'Peter','Jackson');

-- CREATING THE movie table

create table movie (
    mov_id int NOT NULL,
mov_title varchar(50),
mov_year int,
mov_time int,
mov_lang varchar(50),
mov_dt_rel datetime,
mov_rel_country varchar(5)
);

ALTER TABLE movie ADD CONSTRAINT PK_movie PRIMARY KEY (mov_id);

INSERT INTO movie (mov_id, mov_title, mov_year, mov_time, mov_lang, mov_dt_rel, mov_rel_country) VALUES
(901, 'Vertigo', 1958, 128, 'English', '1958-08-24', 'UK'),
(902, 'The Innocents', 1961, 100, 'English', '1962-02-19', 'SW'),
(903, 'Lawrence of Arabia', 1962, 216, 'English', '1962-12-11', 'UK'),
(904, 'The Deer Hunter', 1978, 183, 'English', '1979-03-08', 'UK'),
(905, 'Amadeus', 1984, 160, 'English', '1985-01-07', 'UK'),
(906, 'Blade Runner', 1982, 117, 'English', '1982-09-09', 'UK'),
(907, 'Eyes Wide Shut', 1999, 159, 'English', NULL, 'UK'),
(908, 'The Usual Suspects', 1995, 106, 'English', '1995-08-25', 'UK'),
(909, 'Chinatown', 1974, 130, 'English', '1974-08-09', 'UK'),
(910, 'Boogie Nights', 1997, 155, 'English', '1998-02-16', 'UK'),
(911, 'Annie Hall', 1977, 93, 'English', '1977-04-20', 'USA'),
(912, 'Princess Mononoke', 1997, 134, 'Japanese', '2001-10-19', 'UK'),
(913, 'The Shawshank Redemption', 1994, 142, 'English', '1995-02-17', 'UK'),
(914, 'American Beauty', 1999, 122, 'English', NULL, 'UK'),
(915, 'Titanic', 1997, 194, 'English', '1998-01-23', 'UK'),
(916, 'Good Will Hunting', 1997, 126, 'English', '1998-06-03', 'UK'),
(917, 'Deliverance', 1972, 109, 'English', '1982-10-05', 'UK'),
(918, 'Trainspotting', 1996, 94, 'English', '1996-02-23', 'UK'),
(919, 'The Prestige', 2006, 130, 'English', '2006-11-10', 'UK'),
(920, 'Donnie Darko', 2001, 113, 'English', NULL, 'UK'),
(921, 'Slumdog Millionaire', 2008, 120, 'English', '2009-01-09', 'UK'),
(922, 'Aliens', 1986, 137, 'English', '1986-08-29', 'UK'),
(923, 'Beyond the Sea', 2004, 118, 'English', '2004-11-26', 'UK'),
(924, 'Avatar', 2009, 162, 'English', '2009-12-17', 'UK'),
(926, 'Seven Samurai', 1954, 207, 'Japanese', '1954-04-26', 'JP'),
(927, 'Spirited Away', 2001, 125, 'Japanese', '2003-09-12', 'UK'),
(928, 'Back to the Future', 1985, 116, 'English', '1985-12-04', 'UK'),
(925, 'Braveheart', 1995, 178, 'English', '1995-09-08', 'UK');


CREATE TABLE movie_genres (
    mov_id INTEGER,
    gen_id INTEGER,
    PRIMARY KEY (mov_id, gen_id),
    FOREIGN KEY (mov_id) REFERENCES movie(mov_id),
    FOREIGN KEY (gen_id) REFERENCES genres(gen_id)
);

insert into movie_genres (mov_id,gen_id) values (922,1001),
(917,1002),
(903,1002),
(912,1003),
(911,1005),
(908,1006),
(913,1006),
(926,1007),
(928,1007),
(918,1007),
(921,1007),
(902,1008),
(923,1009),
(907,1010),
(927,1010),
(901,1010),
(914,1011),
(906,1012);



-- CREATING THE movie_direction TABLE --

CREATE TABLE movie_directors (
    dir_id INTEGER,
    mov_id INTEGER,
    PRIMARY KEY (dir_id, mov_id),
    FOREIGN KEY (dir_id) REFERENCES director(dir_id),
    FOREIGN KEY (mov_id) REFERENCES movie(mov_id)
);

INSERT INTO movie_directors (dir_id, mov_id) VALUES
(201, 901),
(202, 902),
(203, 903),
(204, 904),
(205, 905),
(206, 906),
(207, 907),
(208, 908),
(209, 909),
(210, 910),
(211, 911),
(212, 912),
(213, 913),
(214, 914),
(215, 915),
(216, 916),
(217, 917),
(218, 918),
(219, 919),
(220, 920),
(218, 921),
(215, 922),
(221, 923);

-- CREATING THE reviewer table

CREATE TABLE reviewer (
    rev_id INT not null,
rev_name VARCHAR(20)

);

ALTER TABLE reviewer ADD CONSTRAINT PK_reviwer PRIMARY KEY (rev_id);

INSERT INTO reviewer (rev_id, rev_name) VALUES
(9001, 'Righty Sock'),
(9002, 'Jack Malvern'),
(9003, 'Flagrant Baronessa'),
(9004, 'Alec Shaw'),
(9005, NULL),
(9006, 'Victor Woeltjen'),
(9007, 'Simon Wright'),
(9008, 'Neal Wruck'),
(9009, 'Paul Monks'),
(9010, 'Mike Salvati'),
(9011, NULL),
(9012, 'Wesley S. Walker'),
(9013, 'Sasha Goldshtein'),
(9014, 'Josh Cates'),
(9015, 'Krug Stillo'),
(9016, 'Scott LeBrun'),
(9017, 'Hannah Steele'),
(9018, 'Vincent Cadena'),
(9019, 'Brandt Sponseller'),
(9020, 'Richard Adams');

-- CREATE THE rating table --

CREATE TABLE movie_ratings (
    mov_id INTEGER,
    rev_id INTEGER,
    rev_stars INTEGER,
    num_o_rating INTEGER,
    PRIMARY KEY (mov_id, rev_id),
    FOREIGN KEY (mov_id) REFERENCES movie(mov_id),
    FOREIGN KEY (rev_id) REFERENCES reviewer(rev_id)
);

INSERT INTO movie_ratings (mov_id, rev_id, rev_stars, num_o_rating) VALUES
(901, 9001, 8.40, 263575),
(902, 9002, 7.90, 20207),
(903, 9003, 8.30, 202778),
(906, 9005, 8.20, 484746),
(924, 9006, 7.30, NULL),
(908, 9007, 8.60, 779489),
(909, 9008, NULL, 227235),
(910, 9009, 3.00, 195961),
(911, 9010, 8.10, 203875),
(912, 9011, 8.40, NULL),
(914, 9013, 7.00, 862618),
(915, 9001, 7.70, 830095),
(916, 9014, 4.00, 642132),
(925, 9015, 7.70, 81328),
(918, 9016, NULL, 580301),
(920, 9017, 8.10, 609451),
(921, 9018, 8.00, 667758),
(922, 9019, 8.40, 511613);


-- create the movie_cast table -- 
CREATE TABLE movie_cast (
    act_id INTEGER,
    mov_id INTEGER,
    role VARCHAR(255),
    PRIMARY KEY (act_id, mov_id),
    FOREIGN KEY (act_id) REFERENCES actor(act_id),
    FOREIGN KEY (mov_id) REFERENCES movie(mov_id)
);

INSERT INTO movie_cast (act_id, mov_id, role) VALUES
(101, 901, 'John Scottie Ferguson'),
(102, 902, 'Miss Giddens'),
(103, 903, 'T.E. Lawrence'),
(104, 904, 'Michael'),
(105, 905, 'Antonio Salieri'),
(106, 906, 'Rick Deckard'),
(107, 907, 'Alice Harford'),
(108, 908, 'McManus'),
(109, 909, 'J.J. Gittes'),
(110, 910, 'Eddie Adams'),
(111, 911, 'Alvy Singer'),
(112, 912, 'San'),
(113, 913, 'Andy Dufresne'),
(114, 914, 'Lester Burnham'),
(115, 915, 'Rose DeWitt Bukater'),
(116, 916, 'Sean Maguire'),
(117, 917, 'Ed'),
(118, 918, 'Renton'),
(119, 919, 'Alfred Borden'),
(120, 920, 'Elizabeth Darko'),
(121, 921, 'Older Jamal'),
(122, 922, 'Ripley'),
(114, 923, 'Bobby Darin');
